system,taxon,ecological_role,n,contrast_or_variables,data_access_status,source
Flores Azores,Anguilla anguilla,seed deep-residence anchor,36,"yellow stage; constrained island stream; zero valid between-receiver movement",OPEN already used as seed,"Verhelst et al. 2026; DOI 10.1111/jfb.70355; data DOI 10.5281/zenodo.18154777"
Europe 18 water bodies,Anguilla anguilla,PRIMARY executable stage x landscape panel,2306,"capture-time life_stage including exact Durif FII/FIII/FIV/FV/MII; later migration classifications; WRS; habitat; 18 water bodies",OPEN processed migration/residency/speed + WRS + metadata; raw detections also open,"Verhelst et al. 2025; DOI 10.1111/faf.12904; data DOI 10.5281/zenodo.15260539; source PieterjanVerhelst/eel-meta-analysis"
Wolastoq Saint John River,Anguilla rostrata,strong independent biological replication,72,"yellow residency; seasonal movers; 16 apparent silver-stage outmigrants; depth use",PAPER VERIFIED raw public telemetry not located,"Eissenhauer et al. 2026; DOI 10.1111/jfb.70298"
Tone River Japan,Anguilla japonica,independent yellow-stage residency contrast,NA,"yellow-stage site fidelity; diel/seasonal activity",HOLD raw access not verified,"Itakura et al. 2018; DOI 10.1111/eff.12389"
Mehaigne Belgium,Anguilla anguilla,small-stream yellow-stage contrast,NA,"very restricted yellow-stage linear range",HOLD raw access not verified,"Ovidio et al. 2013"
Poole Harbour UK,Anguilla anguilla,estuarine yellow-stage contrast,NA,"yellow-stage linear range in estuarine habitat",HOLD raw access not verified,"Walker et al. 2014"
Zuider Ee-Lauwersmeer-Netherlands,Anguilla anguilla,CONFIRMATION candidate within-system readiness x barrier-opportunity contrast,40,"Durif FIII-FV; same individuals encounter pumping station then tidal sluice; discharge/weather opportunity; barrier delay and passage success",OPEN DANS dataset DOI 10.17026/LS/WTSUNG; paper CC BY,"van Rijn et al. 2026; DOI 10.1139/cjfas-2025-0359"
Lithuanian free-flowing rivers + Curonian Lagoon,Anguilla anguilla,PERMEABLE-route/downstream-bottleneck candidate,50,"free-flowing rivers; 72-92% source-river success; 76% overall riverine success; Curonian Lagoon bottleneck",PAPER VERIFIED individual readiness data access to verify,"Dainys et al. 2026; DOI 10.1016/j.ecss.2026.110163"
River Test England,Anguilla anguilla,PERMEABLE-route control candidate,25,"Durif staging; 24 downstream migrants; 19 reached tidal area; in-river barriers did not measurably delay emigration; early marine tracking",PAPER VERIFIED individual data access to verify,"Barry et al. 2026; DOI 10.1007/s10750-026-06406-6"
